[{"id":1,"name":"npc_dota_hero_antimage","localized_name":"Anti-Mage"},
{"id":2,"name":"npc_dota_hero_axe","localized_name":"Axe"},
{"id":3,"name":"npc_dota_hero_bane","localized_name":"Bane"},
{"id":4,"name":"npc_dota_hero_bloodseeker","localized_name":"Bloodseeker"},
{"id":5,"name":"npc_dota_hero_crystal_maiden","localized_name":"Crystal Maiden"},
{"id":6,"name":"npc_dota_hero_drow_ranger","localized_name":"Drow Ranger"},
{"id":7,"name":"npc_dota_hero_earthshaker","localized_name":"Earthshaker"},
{"id":8,"name":"npc_dota_hero_juggernaut","localized_name":"Juggernaut"},
{"id":9,"name":"npc_dota_hero_mirana","localized_name":"Mirana"},
{"id":10,"name":"npc_dota_hero_morphling","localized_name":"Morphling"},
{"id":11,"name":"npc_dota_hero_nevermore","localized_name":"Shadow Fiend"},
{"id":12,"name":"npc_dota_hero_phantom_lancer","localized_name":"Phantom Lancer"},
{"id":13,"name":"npc_dota_hero_puck","localized_name":"Puck"},
{"id":14,"name":"npc_dota_hero_pudge","localized_name":"Pudge"},
{"id":15,"name":"npc_dota_hero_razor","localized_name":"Razor"},
{"id":16,"name":"npc_dota_hero_sand_king","localized_name":"Sand King"},
{"id":17,"name":"npc_dota_hero_storm_spirit","localized_name":"Storm Spirit"},
{"id":18,"name":"npc_dota_hero_sven","localized_name":"Sven"},
{"id":19,"name":"npc_dota_hero_tiny","localized_name":"Tiny"},
{"id":20,"name":"npc_dota_hero_vengefulspirit","localized_name":"Vengeful Spirit"},
{"id":21,"name":"npc_dota_hero_windrunner","localized_name":"Windranger"},
{"id":22,"name":"npc_dota_hero_zuus","localized_name":"Zeus"},
{"id":23,"name":"npc_dota_hero_kunkka","localized_name":"Kunkka"},
{"id":25,"name":"npc_dota_hero_lina","localized_name":"Lina"},
{"id":26,"name":"npc_dota_hero_lion","localized_name":"Lion"},
{"id":27,"name":"npc_dota_hero_shadow_shaman","localized_name":"Shadow Shaman"},
{"id":28,"name":"npc_dota_hero_slardar","localized_name":"Slardar"},
{"id":29,"name":"npc_dota_hero_tidehunter","localized_name":"Tidehunter"},
{"id":30,"name":"npc_dota_hero_witch_doctor","localized_name":"Witch Doctor"},
{"id":31,"name":"npc_dota_hero_lich","localized_name":"Lich"},
{"id":32,"name":"npc_dota_hero_riki","localized_name":"Riki"},
{"id":33,"name":"npc_dota_hero_enigma","localized_name":"Enigma"},
{"id":34,"name":"npc_dota_hero_tinker","localized_name":"Tinker"},
{"id":35,"name":"npc_dota_hero_sniper","localized_name":"Sniper"},
{"id":36,"name":"npc_dota_hero_necrolyte","localized_name":"Necrophos"},
{"id":37,"name":"npc_dota_hero_warlock","localized_name":"Warlock"},
{"id":38,"name":"npc_dota_hero_beastmaster","localized_name":"Beastmaster"},
{"id":39,"name":"npc_dota_hero_queenofpain","localized_name":"Queen of Pain"},
{"id":40,"name":"npc_dota_hero_venomancer","localized_name":"Venomancer"},
{"id":41,"name":"npc_dota_hero_faceless_void","localized_name":"Faceless Void"},
{"id":42,"name":"npc_dota_hero_skeleton_king","localized_name":"Wraith King"},
{"id":43,"name":"npc_dota_hero_death_prophet","localized_name":"Death Prophet"},
{"id":44,"name":"npc_dota_hero_phantom_assassin","localized_name":"Phantom Assassin"},
{"id":45,"name":"npc_dota_hero_pugna","localized_name":"Pugna"},
{"id":46,"name":"npc_dota_hero_templar_assassin","localized_name":"Templar Assassin"},
{"id":47,"name":"npc_dota_hero_viper","localized_name":"Viper"},
{"id":48,"name":"npc_dota_hero_luna","localized_name":"Luna"},
{"id":49,"name":"npc_dota_hero_dragon_knight","localized_name":"Dragon Knight"},
{"id":50,"name":"npc_dota_hero_dazzle","localized_name":"Dazzle"},
{"id":51,"name":"npc_dota_hero_rattletrap","localized_name":"Clockwerk"},
{"id":52,"name":"npc_dota_hero_leshrac","localized_name":"Leshrac"},
{"id":53,"name":"npc_dota_hero_furion","localized_name":"Nature's Prophet"},
{"id":54,"name":"npc_dota_hero_life_stealer","localized_name":"Lifestealer"},
{"id":55,"name":"npc_dota_hero_dark_seer","localized_name":"Dark Seer"},
{"id":56,"name":"npc_dota_hero_clinkz","localized_name":"Clinkz"},
{"id":57,"name":"npc_dota_hero_omniknight","localized_name":"Omniknight"},
{"id":58,"name":"npc_dota_hero_enchantress","localized_name":"Enchantress"},
{"id":59,"name":"npc_dota_hero_huskar","localized_name":"Huskar"},
{"id":60,"name":"npc_dota_hero_night_stalker","localized_name":"Night Stalker"},
{"id":61,"name":"npc_dota_hero_broodmother","localized_name":"Broodmother"},
{"id":62,"name":"npc_dota_hero_bounty_hunter","localized_name":"Bounty Hunter"},
{"id":63,"name":"npc_dota_hero_weaver","localized_name":"Weaver"},
{"id":64,"name":"npc_dota_hero_jakiro","localized_name":"Jakiro"},
{"id":65,"name":"npc_dota_hero_batrider","localized_name":"Batrider"},
{"id":66,"name":"npc_dota_hero_chen","localized_name":"Chen"},
{"id":67,"name":"npc_dota_hero_spectre","localized_name":"Spectre"},
{"id":68,"name":"npc_dota_hero_ancient_apparition","localized_name":"Ancient Apparition"},
{"id":69,"name":"npc_dota_hero_doom_bringer","localized_name":"Doom"},
{"id":70,"name":"npc_dota_hero_ursa","localized_name":"Ursa"},
{"id":71,"name":"npc_dota_hero_spirit_breaker","localized_name":"Spirit Breaker"},
{"id":72,"name":"npc_dota_hero_gyrocopter","localized_name":"Gyrocopter"},
{"id":73,"name":"npc_dota_hero_alchemist","localized_name":"Alchemist"},
{"id":74,"name":"npc_dota_hero_invoker","localized_name":"Invoker"},
{"id":75,"name":"npc_dota_hero_silencer","localized_name":"Silencer"},
{"id":76,"name":"npc_dota_hero_obsidian_destroyer","localized_name":"Outworld Devourer"},
{"id":77,"name":"npc_dota_hero_lycan","localized_name":"Lycan"},
{"id":78,"name":"npc_dota_hero_brewmaster","localized_name":"Brewmaster"},
{"id":79,"name":"npc_dota_hero_shadow_demon","localized_name":"Shadow Demon"},
{"id":80,"name":"npc_dota_hero_lone_druid","localized_name":"Lone Druid"},
{"id":81,"name":"npc_dota_hero_chaos_knight","localized_name":"Chaos Knight"},
{"id":82,"name":"npc_dota_hero_meepo","localized_name":"Meepo"},
{"id":83,"name":"npc_dota_hero_treant","localized_name":"Treant Protector"},
{"id":84,"name":"npc_dota_hero_ogre_magi","localized_name":"Ogre Magi"},
{"id":85,"name":"npc_dota_hero_undying","localized_name":"Undying"},
{"id":86,"name":"npc_dota_hero_rubick","localized_name":"Rubick"},
{"id":87,"name":"npc_dota_hero_disruptor","localized_name":"Disruptor"},
{"id":88,"name":"npc_dota_hero_nyx_assassin","localized_name":"Nyx Assassin"},
{"id":89,"name":"npc_dota_hero_naga_siren","localized_name":"Naga Siren"},
{"id":90,"name":"npc_dota_hero_keeper_of_the_light","localized_name":"Keeper of the Light"},
{"id":91,"name":"npc_dota_hero_wisp","localized_name":"Io"},
{"id":92,"name":"npc_dota_hero_visage","localized_name":"Visage"},
{"id":93,"name":"npc_dota_hero_slark","localized_name":"Slark"},
{"id":94,"name":"npc_dota_hero_medusa","localized_name":"Medusa"},
{"id":95,"name":"npc_dota_hero_troll_warlord","localized_name":"Troll Warlord"},
{"id":96,"name":"npc_dota_hero_centaur","localized_name":"Centaur Warrunner"},
{"id":97,"name":"npc_dota_hero_magnataur","localized_name":"Magnus"},
{"id":98,"name":"npc_dota_hero_shredder","localized_name":"Timbersaw"},
{"id":99,"name":"npc_dota_hero_bristleback","localized_name":"Bristleback"},
{"id":100,"name":"npc_dota_hero_tusk","localized_name":"Tusk"},
{"id":101,"name":"npc_dota_hero_skywrath_mage","localized_name":"Skywrath Mage"},
{"id":102,"name":"npc_dota_hero_abaddon","localized_name":"Abaddon"},
{"id":103,"name":"npc_dota_hero_elder_titan","localized_name":"Elder Titan"},
{"id":104,"name":"npc_dota_hero_legion_commander","localized_name":"Legion Commander"},
{"id":105,"name":"npc_dota_hero_techies","localized_name":"Techies"},
{"id":106,"name":"npc_dota_hero_ember_spirit","localized_name":"Ember Spirit"},
{"id":107,"name":"npc_dota_hero_earth_spirit","localized_name":"Earth Spirit"},
{"id":108,"name":"npc_dota_hero_abyssal_underlord","localized_name":"Underlord"},
{"id":109,"name":"npc_dota_hero_terrorblade","localized_name":"Terrorblade"},
{"id":110,"name":"npc_dota_hero_phoenix","localized_name":"Phoenix"},
{"id":111,"name":"npc_dota_hero_oracle","localized_name":"Oracle"},
{"id":112,"name":"npc_dota_hero_winter_wyvern","localized_name":"Winter Wyvern"},
{"id":113,"name":"npc_dota_hero_arc_warden","localized_name":"Arc Warden"},
{"id":114,"name":"npc_dota_hero_monkey_king","localized_name":"Monkey King"}]